"","ECO_NAME","ECO_ID","BIOME_NAME","BIOME_NUM"
"1","Adelie Land tundra",117,"Tundra",11
"2","Admiralty Islands lowland rain forests",135,"Tropical & Subtropical Moist Broadleaf Forests",1
"3","Aegean and Western Turkey sclerophyllous and mixed forests",785,"Mediterranean Forests, Woodlands & Scrub",12
"4","Afghan Mountains semi-desert",807,"Deserts & Xeric Shrublands",13
"5","Ahklun and Kilbuck Upland Tundra",404,"Tundra",11
"6","Al-Hajar foothill xeric woodlands and shrublands",722,"Temperate Grasslands, Savannas & Shrublands",8
"7","Al-Hajar montane woodlands and shrublands",723,"Temperate Grasslands, Savannas & Shrublands",8
"8","Alai-Western Tian Shan steppe",721,"Temperate Grasslands, Savannas & Shrublands",8
"9","Alashan Plateau semi-desert",808,"Deserts & Xeric Shrublands",13
"10","Alaska-St. Elias Range tundra",405,"Tundra",11
"11","Alaska Peninsula montane taiga",369,"Boreal Forests/Taiga",6
"12","Albany thickets",88,"Mediterranean Forests, Woodlands & Scrub",12
"13","Alberta-British Columbia foothills forests",345,"Temperate Conifer Forests",5
"14","Albertine Rift montane forests",1,"Tropical & Subtropical Moist Broadleaf Forests",1
"15","Aldabra Island xeric scrub",91,"Deserts & Xeric Shrublands",13
"16","Aleutian Islands tundra",406,"Tundra",11
"17","Allegheny Highlands forests",328,"Temperate Broadleaf & Mixed Forests",4
"18","Alps conifer and mixed forests",689,"Temperate Conifer Forests",5
"19","Altai alpine meadow and tundra",749,"Montane Grasslands & Shrublands",10
"20","Altai montane forest and forest steppe",690,"Temperate Conifer Forests",5
"21","Altai steppe and semi-desert",724,"Temperate Grasslands, Savannas & Shrublands",8
"22","Alto Paraná Atlantic forests",439,"Tropical & Subtropical Moist Broadleaf Forests",1
"23","Amazon-Orinoco-Southern Caribbean mangroves",611,"Mangroves",14
"24","Amsterdam-Saint Paul Islands temperate grasslands",67,"Temperate Grasslands, Savannas & Shrublands",8
"25","Amur meadow steppe",741,"Flooded Grasslands & Savannas",9
"26","Anatolian conifer and deciduous mixed forests",786,"Mediterranean Forests, Woodlands & Scrub",12
"27","Andaman Islands rain forests",218,"Tropical & Subtropical Moist Broadleaf Forests",1
"28","Angolan montane forest-grassland",77,"Montane Grasslands & Shrublands",10
"29","Angolan mopane woodlands",34,"Tropical & Subtropical Grasslands, Savannas & Shrublands",7
"30","Angolan scarp savanna and woodlands",35,"Tropical & Subtropical Grasslands, Savannas & Shrublands",7
"31","Angolan wet miombo woodlands",36,"Tropical & Subtropical Grasslands, Savannas & Shrublands",7
"32","Antipodes Subantarctic Islands tundra",196,"Tundra",11
"33","Appalachian-Blue Ridge forests",331,"Temperate Broadleaf & Mixed Forests",4
"34","Appalachian mixed mesophytic forests",329,"Temperate Broadleaf & Mixed Forests",4
"35","Appalachian Piedmont forests",330,"Temperate Broadleaf & Mixed Forests",4
"36","Appenine deciduous montane forests",644,"Temperate Broadleaf & Mixed Forests",4
"37","Apure-Villavicencio dry forests",520,"Tropical & Subtropical Dry Broadleaf Forests",2
"38","Arabian sand desert",810,"Deserts & Xeric Shrublands",13
"39","Araucaria moist forests",440,"Tropical & Subtropical Moist Broadleaf Forests",1
"40","Araya and Paria xeric scrub",597,"Deserts & Xeric Shrublands",13
"41","Arctic coastal tundra",407,"Tundra",11
"42","Russian Arctic desert",778,"Tundra",11
"43","Arctic foothills tundra",408,"Tundra",11
"44","Arizona Mountains forests",346,"Temperate Conifer Forests",5
"45","Arnhem Land tropical savanna",181,"Tropical & Subtropical Grasslands, Savannas & Shrublands",7
"46","Ascension scrub and grasslands",37,"Tropical & Subtropical Grasslands, Savannas & Shrublands",7
"47","Atacama desert",598,"Deserts & Xeric Shrublands",13
"48","Atlantic Coast restingas",441,"Tropical & Subtropical Moist Broadleaf Forests",1
"49","Saharan Atlantic coastal desert",839,"Deserts & Xeric Shrublands",13
"50","Atlantic coastal pine barrens",347,"Temperate Conifer Forests",5
"51","Congolian coastal forests",5,"Tropical & Subtropical Moist Broadleaf Forests",1
"52","European Atlantic mixed forests",664,"Temperate Broadleaf & Mixed Forests",4
"53","Australian Alps montane grasslands",193,"Montane Grasslands & Shrublands",10
"54","Azerbaijan shrub desert and steppe",812,"Deserts & Xeric Shrublands",13
"55","Azores temperate mixed forests",645,"Temperate Broadleaf & Mixed Forests",4
"56","Badghyz and Karabil semi-desert",813,"Deserts & Xeric Shrublands",13
"57","Bahamian-Antillean mangroves",612,"Mangroves",14
"58","Bahia coastal forests",442,"Tropical & Subtropical Moist Broadleaf Forests",1
"59","Bahia interior forests",443,"Tropical & Subtropical Moist Broadleaf Forests",1
"60","Baja California desert",426,"Deserts & Xeric Shrublands",13
"61","Bajío dry forests",521,"Tropical & Subtropical Dry Broadleaf Forests",2
"62","Balkan mixed forests",646,"Temperate Broadleaf & Mixed Forests",4
"63","Balsas dry forests",522,"Tropical & Subtropical Dry Broadleaf Forests",2
"64","Baltic mixed forests",647,"Temperate Broadleaf & Mixed Forests",4
"65","Baluchistan xeric woodlands",814,"Deserts & Xeric Shrublands",13
"66","Banda Sea Islands moist deciduous forests",136,"Tropical & Subtropical Moist Broadleaf Forests",1
"67","Belizian pine savannas",564,"Tropical & Subtropical Grasslands, Savannas & Shrublands",7
"68","Beni savanna",565,"Tropical & Subtropical Grasslands, Savannas & Shrublands",7
"69","Russian Bering tundra",779,"Tundra",11
"70","Beringia lowland tundra",409,"Tundra",11
"71","Beringia upland tundra",410,"Tundra",11
"72","Bermuda subtropical conifer forests",325,"Tropical & Subtropical Coniferous Forests",3
"73","Biak-Numfoor rain forests",137,"Tropical & Subtropical Moist Broadleaf Forests",1
"74","Blue Mountains forests",348,"Temperate Conifer Forests",5
"75","Bohai Sea saline meadow",742,"Flooded Grasslands & Savannas",9
"76","Bolivian montane dry forests",523,"Tropical & Subtropical Dry Broadleaf Forests",2
"77","Bolivian Yungas",444,"Tropical & Subtropical Moist Broadleaf Forests",1
"78","Borneo lowland rain forests",219,"Tropical & Subtropical Moist Broadleaf Forests",1
"79","Borneo peat swamp forests",221,"Tropical & Subtropical Moist Broadleaf Forests",1
"80","Brahmaputra Valley semi-evergreen forests",222,"Tropical & Subtropical Moist Broadleaf Forests",1
"81","Brigalow tropical savanna",182,"Tropical & Subtropical Grasslands, Savannas & Shrublands",7
"82","British Columbia coastal conifer forests",349,"Temperate Conifer Forests",5
"83","Brooks-British Range tundra",411,"Tundra",11
"84","Buru rain forests",138,"Tropical & Subtropical Moist Broadleaf Forests",1
"85","Caatinga",525,"Tropical & Subtropical Dry Broadleaf Forests",2
"86","Caatinga Enclaves moist forests",445,"Tropical & Subtropical Moist Broadleaf Forests",1
"87","Caledon conifer forests",691,"Temperate Conifer Forests",5
"88","California Central Valley grasslands",385,"Temperate Grasslands, Savannas & Shrublands",8
"89","California coastal sage and chaparral",422,"Mediterranean Forests, Woodlands & Scrub",12
"90","California interior chaparral and woodlands",423,"Mediterranean Forests, Woodlands & Scrub",12
"91","California montane chaparral and woodlands",424,"Mediterranean Forests, Woodlands & Scrub",12
"92","Cameroon Highlands forests",2,"Tropical & Subtropical Moist Broadleaf Forests",1
"93","Campos Rupestres montane savanna",566,"Tropical & Subtropical Grasslands, Savannas & Shrublands",7
"94","Canadian Aspen forests and parklands",386,"Temperate Grasslands, Savannas & Shrublands",8
"95","Canadian Low Arctic tundra",413,"Tundra",11
"96","Canary Islands dry woodlands and forests",787,"Mediterranean Forests, Woodlands & Scrub",12
"97","Cantabrian mixed forests",648,"Temperate Broadleaf & Mixed Forests",4
"98","Canterbury-Otago tussock grasslands",190,"Temperate Grasslands, Savannas & Shrublands",8
"99","Cape Verde Islands dry forests",31,"Tropical & Subtropical Dry Broadleaf Forests",2
"100","Cape York Peninsula tropical savanna",183,"Tropical & Subtropical Grasslands, Savannas & Shrublands",7
"101","Caqueta moist forests",446,"Tropical & Subtropical Moist Broadleaf Forests",1
"102","Cardamom Mountains rain forests",223,"Tropical & Subtropical Moist Broadleaf Forests",1
"103","Caribbean shrublands",599,"Deserts & Xeric Shrublands",13
"104","Carnarvon xeric shrublands",207,"Deserts & Xeric Shrublands",13
"105","Carolines tropical moist forests",618,"Tropical & Subtropical Moist Broadleaf Forests",1
"106","Carpathian montane forests",692,"Temperate Conifer Forests",5
"107","Carpentaria tropical savanna",184,"Tropical & Subtropical Grasslands, Savannas & Shrublands",7
"108","Caspian Hyrcanian mixed forests",649,"Temperate Broadleaf & Mixed Forests",4
"109","Caspian lowland desert",815,"Deserts & Xeric Shrublands",13
"110","Catatumbo moist forests",447,"Tropical & Subtropical Moist Broadleaf Forests",1
"111","Cauca Valley dry forests",526,"Tropical & Subtropical Dry Broadleaf Forests",2
"112","Cauca Valley montane forests",448,"Tropical & Subtropical Moist Broadleaf Forests",1
"113","Caucasus mixed forests",650,"Temperate Broadleaf & Mixed Forests",4
"114","Cayos Miskitos-San Andrés and Providencia moist forests",449,"Tropical & Subtropical Moist Broadleaf Forests",1
"115","Celtic broadleaf forests",651,"Temperate Broadleaf & Mixed Forests",4
"116","Central Afghan Mountains xeric woodlands",816,"Deserts & Xeric Shrublands",13
"117","Central African mangroves",111,"Mangroves",14
"118","Central American Atlantic moist forests",450,"Tropical & Subtropical Moist Broadleaf Forests",1
"119","Central American dry forests",527,"Tropical & Subtropical Dry Broadleaf Forests",2
"120","Central American montane forests",451,"Tropical & Subtropical Moist Broadleaf Forests",1
"121","Central American pine-oak forests",553,"Tropical & Subtropical Coniferous Forests",3
"122","Central Anatolian steppe",725,"Temperate Grasslands, Savannas & Shrublands",8
"123","Central Anatolian steppe and woodlands",652,"Temperate Broadleaf & Mixed Forests",4
"124","Central-Southern Cascades Forests",352,"Temperate Conifer Forests",5
"125","Central-Southern US mixed grasslands",389,"Temperate Grasslands, Savannas & Shrublands",8
"126","Central Andean dry puna",587,"Montane Grasslands & Shrublands",10
"127","Central Andean puna",588,"Montane Grasslands & Shrublands",10
"128","Central Andean wet puna",589,"Montane Grasslands & Shrublands",10
"129","Central Asian northern desert",817,"Deserts & Xeric Shrublands",13
"130","Central Asian riparian woodlands",818,"Deserts & Xeric Shrublands",13
"131","Central Asian southern desert",819,"Deserts & Xeric Shrublands",13
"132","Central British Columbia Mountain forests",350,"Temperate Conifer Forests",5
"133","Central bushveld",38,"Tropical & Subtropical Grasslands, Savannas & Shrublands",7
"134","Central Canadian Shield forests",370,"Boreal Forests/Taiga",6
"135","Central China Loess Plateau mixed forests",653,"Temperate Broadleaf & Mixed Forests",4
"136","Central Congolian lowland forests",3,"Tropical & Subtropical Moist Broadleaf Forests",1
"137","Central Deccan Plateau dry deciduous forests",290,"Tropical & Subtropical Dry Broadleaf Forests",2
"138","Central European mixed forests",654,"Temperate Broadleaf & Mixed Forests",4
"139","Central US forest-grasslands transition",387,"Temperate Grasslands, Savannas & Shrublands",8
"140","Central Indochina dry forests",291,"Tropical & Subtropical Dry Broadleaf Forests",2
"141","Central Korean deciduous forests",655,"Temperate Broadleaf & Mixed Forests",4
"142","Central Mexican matorral",427,"Deserts & Xeric Shrublands",13
"143","Central Pacific Northwest coastal forests",351,"Temperate Conifer Forests",5
"144","Central Persian desert basins",820,"Deserts & Xeric Shrublands",13
"145","Central Polynesian tropical moist forests",619,"Tropical & Subtropical Moist Broadleaf Forests",1
"146","Central Range Papuan montane rain forests",139,"Tropical & Subtropical Moist Broadleaf Forests",1
"147","Papuan Central Range sub-alpine grasslands",195,"Montane Grasslands & Shrublands",10
"148","Central Ranges xeric scrub",208,"Deserts & Xeric Shrublands",13
"149","Central South Antarctic Peninsula tundra",118,"Tundra",11
"150","Central Tallgrass prairie",388,"Temperate Grasslands, Savannas & Shrublands",8
"151","Central Tibetan Plateau alpine steppe",750,"Montane Grasslands & Shrublands",10
"152","Central Zambezian wet miombo woodlands",39,"Tropical & Subtropical Grasslands, Savannas & Shrublands",7
"153","Cerrado",567,"Tropical & Subtropical Grasslands, Savannas & Shrublands",7
"154","Changbai Mountains mixed forests",656,"Temperate Broadleaf & Mixed Forests",4
"155","Changjiang Plain evergreen forests",657,"Temperate Broadleaf & Mixed Forests",4
"156","Chao Phraya freshwater swamp forests",224,"Tropical & Subtropical Moist Broadleaf Forests",1
"157","Chao Phraya lowland moist deciduous forests",225,"Tropical & Subtropical Moist Broadleaf Forests",1
"158","Chatham Island temperate forests",167,"Temperate Broadleaf & Mixed Forests",4
"159","Cherskii-Kolyma mountain tundra",771,"Tundra",11
"160","Chhota-Nagpur dry deciduous forests",292,"Tropical & Subtropical Dry Broadleaf Forests",2
"161","Chiapas Depression dry forests",528,"Tropical & Subtropical Dry Broadleaf Forests",2
"162","Chiapas montane forests",452,"Tropical & Subtropical Moist Broadleaf Forests",1
"163","Chihuahuan desert",428,"Deserts & Xeric Shrublands",13
"164","Chilean Matorral",596,"Mediterranean Forests, Woodlands & Scrub",12
"165","Chimalapas montane forests",453,"Tropical & Subtropical Moist Broadleaf Forests",1
"166","Chin Hills-Arakan Yoma montane forests",226,"Tropical & Subtropical Moist Broadleaf Forests",1
"167","Chiquitano dry forests",529,"Tropical & Subtropical Dry Broadleaf Forests",2
"168","Chocó-Darién moist forests",454,"Tropical & Subtropical Moist Broadleaf Forests",1
"169","Christmas and Cocos Islands tropical forests",227,"Tropical & Subtropical Moist Broadleaf Forests",1
"170","Chukchi Peninsula tundra",772,"Tundra",11
"171","Clipperton Island shrub and grasslands",568,"Tropical & Subtropical Grasslands, Savannas & Shrublands",7
"172","Cocos Island moist forests",455,"Tropical & Subtropical Moist Broadleaf Forests",1
"173","Colorado Plateau shrublands",429,"Deserts & Xeric Shrublands",13
"174","Colorado Rockies forests",353,"Temperate Conifer Forests",5
"175","Comoros forests",4,"Tropical & Subtropical Moist Broadleaf Forests",1
"176","Cook Inlet taiga",371,"Boreal Forests/Taiga",6
"177","Cook Islands tropical moist forests",620,"Tropical & Subtropical Moist Broadleaf Forests",1
"178","Coolgardie woodlands",197,"Mediterranean Forests, Woodlands & Scrub",12
"179","Copper Plateau taiga",372,"Boreal Forests/Taiga",6
"180","Cordillera Central páramo",590,"Montane Grasslands & Shrublands",10
"181","Cordillera de Merida páramo",591,"Montane Grasslands & Shrublands",10
"182","Cordillera La Costa montane forests",456,"Tropical & Subtropical Moist Broadleaf Forests",1
"183","Cordillera Oriental montane forests",457,"Tropical & Subtropical Moist Broadleaf Forests",1
"184","Corsican montane broadleaf and mixed forests",788,"Mediterranean Forests, Woodlands & Scrub",12
"185","Costa Rican seasonal moist forests",458,"Tropical & Subtropical Moist Broadleaf Forests",1
"186","Crete Mediterranean forests",789,"Mediterranean Forests, Woodlands & Scrub",12
"187","Crimean Submediterranean forest complex",658,"Temperate Broadleaf & Mixed Forests",4
"188","Cross-Niger transition forests",6,"Tropical & Subtropical Moist Broadleaf Forests",1
"189","Cross-Sanaga-Bioko coastal forests",7,"Tropical & Subtropical Moist Broadleaf Forests",1
"190","Cross-Timbers savanna-woodland",390,"Temperate Grasslands, Savannas & Shrublands",8
"191","Cuban cactus scrub",600,"Deserts & Xeric Shrublands",13
"192","Cuban dry forests",530,"Tropical & Subtropical Dry Broadleaf Forests",2
"193","Cuban moist forests",459,"Tropical & Subtropical Moist Broadleaf Forests",1
"194","Cuban pine forests",554,"Tropical & Subtropical Coniferous Forests",3
"195","Cuban wetlands",579,"Flooded Grasslands & Savannas",9
"196","Cyprus Mediterranean forests",790,"Mediterranean Forests, Woodlands & Scrub",12
"197","Da Hinggan-Dzhagdy Mountains conifer forests",693,"Temperate Conifer Forests",5
"198","Daba Mountains evergreen forests",659,"Temperate Broadleaf & Mixed Forests",4
"199","Daurian forest steppe",726,"Temperate Grasslands, Savannas & Shrublands",8
"200","Davis Highlands tundra",415,"Tundra",11
"201","Deccan thorn scrub forests",315,"Deserts & Xeric Shrublands",13
"202","Dinaric Mountains mixed forests",660,"Temperate Broadleaf & Mixed Forests",4
"203","Djibouti xeric shrublands",92,"Deserts & Xeric Shrublands",13
"204","Drakensberg Escarpment savanna and thicket",40,"Tropical & Subtropical Grasslands, Savannas & Shrublands",7
"205","Drakensberg grasslands",41,"Tropical & Subtropical Grasslands, Savannas & Shrublands",7
"206","Rock and Ice",0,"N/A",11
"207","Dry Chaco",569,"Tropical & Subtropical Grasslands, Savannas & Shrublands",7
"208","East Afghan montane conifer forests",694,"Temperate Conifer Forests",5
"209","East African halophytics",69,"Flooded Grasslands & Savannas",9
"210","East African mangroves",112,"Mangroves",14
"211","East Antarctic tundra",120,"Tundra",11
"212","East Arabian fog shrublands and sand desert",821,"Deserts & Xeric Shrublands",13
"213","East Central Texas forests",332,"Temperate Broadleaf & Mixed Forests",4
"214","East Deccan dry-evergreen forests",293,"Tropical & Subtropical Dry Broadleaf Forests",2
"215","East European forest steppe",661,"Temperate Broadleaf & Mixed Forests",4
"216","East Sahara Desert",822,"Deserts & Xeric Shrublands",13
"217","East Saharan montane xeric woodlands",823,"Deserts & Xeric Shrublands",13
"218","East Siberian taiga",710,"Boreal Forests/Taiga",6
"219","East Sudanian savanna",43,"Tropical & Subtropical Grasslands, Savannas & Shrublands",7
"220","Eastern Anatolian deciduous forests",662,"Temperate Broadleaf & Mixed Forests",4
"221","Eastern Anatolian montane steppe",727,"Temperate Grasslands, Savannas & Shrublands",8
"222","Eastern Australia mulga shrublands",191,"Temperate Grasslands, Savannas & Shrublands",8
"223","Eastern Australian temperate forests",168,"Temperate Broadleaf & Mixed Forests",4
"224","Eastern Canadian forests",373,"Boreal Forests/Taiga",6
"225","Eastern Canadian Shield taiga",374,"Boreal Forests/Taiga",6
"226","Eastern Cascades forests",354,"Temperate Conifer Forests",5
"227","Eastern Congolian swamp forests",10,"Tropical & Subtropical Moist Broadleaf Forests",1
"228","Eastern Cordillera Real montane forests",460,"Tropical & Subtropical Moist Broadleaf Forests",1
"229","Eastern Canadian Forest-Boreal transition",333,"Temperate Broadleaf & Mixed Forests",4
"230","Eastern Gobi desert steppe",824,"Deserts & Xeric Shrublands",13
"231","Eastern Great Lakes lowland forests",334,"Temperate Broadleaf & Mixed Forests",4
"232","Eastern Guinean forests",11,"Tropical & Subtropical Moist Broadleaf Forests",1
"233","East Deccan moist deciduous forests",228,"Tropical & Subtropical Moist Broadleaf Forests",1
"234","Eastern Himalayan alpine shrub and meadows",751,"Montane Grasslands & Shrublands",10
"235","Eastern Himalayan broadleaf forests",306,"Temperate Broadleaf & Mixed Forests",4
"236","Eastern Himalayan subalpine conifer forests",309,"Temperate Conifer Forests",5
"237","Eastern Java-Bali montane rain forests",229,"Tropical & Subtropical Moist Broadleaf Forests",1
"238","Eastern Java-Bali rain forests",230,"Tropical & Subtropical Moist Broadleaf Forests",1
"239","Eastern Mediterranean conifer-broadleaf forests",791,"Mediterranean Forests, Woodlands & Scrub",12
"240","Eastern Micronesia tropical moist forests",621,"Tropical & Subtropical Moist Broadleaf Forests",1
"241","Eastern Panamanian montane forests",461,"Tropical & Subtropical Moist Broadleaf Forests",1
"242","Ecuadorian dry forests",531,"Tropical & Subtropical Dry Broadleaf Forests",2
"243","Edwards Plateau savanna",391,"Temperate Grasslands, Savannas & Shrublands",8
"244","Einasleigh upland savanna",185,"Tropical & Subtropical Grasslands, Savannas & Shrublands",7
"245","Elburz Range forest steppe",695,"Temperate Conifer Forests",5
"246","Ellsworth Land tundra",121,"Tundra",11
"247","Ellsworth Mountains tundra",122,"Tundra",11
"248","Emin Valley steppe",728,"Temperate Grasslands, Savannas & Shrublands",8
"249","Enderby Land tundra",123,"Tundra",11
"250","English Lowlands beech forests",663,"Temperate Broadleaf & Mixed Forests",4
"251","Enriquillo wetlands",580,"Flooded Grasslands & Savannas",9
"252","Eritrean coastal desert",93,"Deserts & Xeric Shrublands",13
"253","Esperance mallee",198,"Mediterranean Forests, Woodlands & Scrub",12
"254","Espinal",575,"Temperate Grasslands, Savannas & Shrublands",8
"255","Ethiopian montane forests",12,"Tropical & Subtropical Moist Broadleaf Forests",1
"256","Ethiopian montane grasslands and woodlands",79,"Montane Grasslands & Shrublands",10
"257","Ethiopian montane moorlands",80,"Montane Grasslands & Shrublands",10
"258","Etosha Pan halophytics",70,"Flooded Grasslands & Savannas",9
"259","Euxine-Colchic broadleaf forests",665,"Temperate Broadleaf & Mixed Forests",4
"260","Everglades flooded grasslands",581,"Flooded Grasslands & Savannas",9
"261","Eyre and York mallee",199,"Mediterranean Forests, Woodlands & Scrub",12
"262","Faroe Islands boreal grasslands",729,"Temperate Grasslands, Savannas & Shrublands",8
"263","Fernando de Noronha-Atol das Rocas moist forests",462,"Tropical & Subtropical Moist Broadleaf Forests",1
"264","Fiji tropical dry forests",635,"Tropical & Subtropical Dry Broadleaf Forests",2
"265","Fiji tropical moist forests",622,"Tropical & Subtropical Moist Broadleaf Forests",1
"266","Fiordland temperate forests",169,"Temperate Broadleaf & Mixed Forests",4
"267","Flinders-Lofty montane woodlands",200,"Mediterranean Forests, Woodlands & Scrub",12
"268","Flint Hills tallgrass prairie",392,"Temperate Grasslands, Savannas & Shrublands",8
"269","Fraser Plateau and Basin conifer forests",355,"Temperate Conifer Forests",5
"270","Fynbos shrubland",89,"Mediterranean Forests, Woodlands & Scrub",12
"271","Galápagos Islands xeric scrub",601,"Deserts & Xeric Shrublands",13
"272","Gariep Karoo",94,"Deserts & Xeric Shrublands",13
"273","Ghorat-Hazarajat alpine meadow",752,"Montane Grasslands & Shrublands",10
"274","Gibson desert",209,"Deserts & Xeric Shrublands",13
"275","Gissaro-Alai open woodlands",730,"Temperate Grasslands, Savannas & Shrublands",8
"276","Godavari-Krishna mangroves",316,"Deserts & Xeric Shrublands",13
"277","Gobi Lakes Valley desert steppe",825,"Deserts & Xeric Shrublands",13
"278","Granitic Seychelles forests",13,"Tropical & Subtropical Moist Broadleaf Forests",1
"279","Great Basin montane forests",356,"Temperate Conifer Forests",5
"280","Great Basin shrub steppe",430,"Deserts & Xeric Shrublands",13
"281","Great Lakes Basin desert steppe",826,"Deserts & Xeric Shrublands",13
"282","Great Sandy-Tanami desert",210,"Deserts & Xeric Shrublands",13
"283","Great Victoria desert",211,"Deserts & Xeric Shrublands",13
"284","Greater Negros-Panay rain forests",231,"Tropical & Subtropical Moist Broadleaf Forests",1
"285","Guajira-Barranquilla xeric scrub",602,"Deserts & Xeric Shrublands",13
"286","Guayaquil flooded grasslands",582,"Flooded Grasslands & Savannas",9
"287","Guianan freshwater swamp forests",463,"Tropical & Subtropical Moist Broadleaf Forests",1
"288","Guianan Highlands moist forests",464,"Tropical & Subtropical Moist Broadleaf Forests",1
"289","Guianan lowland moist forests",465,"Tropical & Subtropical Moist Broadleaf Forests",1
"290","Guianan piedmont moist forests",466,"Tropical & Subtropical Moist Broadleaf Forests",1
"291","Guianan savanna",570,"Tropical & Subtropical Grasslands, Savannas & Shrublands",7
"292","Guinean forest-savanna",44,"Tropical & Subtropical Grasslands, Savannas & Shrublands",7
"293","Guinean mangroves",113,"Mangroves",14
"294","Guinean montane forests",14,"Tropical & Subtropical Moist Broadleaf Forests",1
"295","Guizhou Plateau broadleaf and mixed forests",642,"Tropical & Subtropical Moist Broadleaf Forests",1
"296","Gulf of California xeric scrub",431,"Deserts & Xeric Shrublands",13
"297","Gulf of St. Lawrence lowland forests",335,"Temperate Broadleaf & Mixed Forests",4
"298","Gurupa várzea",467,"Tropical & Subtropical Moist Broadleaf Forests",1
"299","Hainan Island monsoon rain forests",232,"Tropical & Subtropical Moist Broadleaf Forests",1
"300","Halmahera rain forests",140,"Tropical & Subtropical Moist Broadleaf Forests",1
"301","Hampton mallee and woodlands",201,"Mediterranean Forests, Woodlands & Scrub",12
"302","Hawai'i tropical dry forests",636,"Tropical & Subtropical Dry Broadleaf Forests",2
"303","Hawai'i tropical high shrublands",639,"Tropical & Subtropical Grasslands, Savannas & Shrublands",7
"304","Hawai'i tropical low shrublands",640,"Tropical & Subtropical Grasslands, Savannas & Shrublands",7
"305","Hawai'i tropical moist forests",623,"Tropical & Subtropical Moist Broadleaf Forests",1
"306","Helanshan montane conifer forests",696,"Temperate Conifer Forests",5
"307","Hengduan Mountains subalpine conifer forests",697,"Temperate Conifer Forests",5
"308","Canadian High Arctic tundra",412,"Tundra",11
"309","High Monte",592,"Montane Grasslands & Shrublands",10
"310","Highveld grasslands",81,"Montane Grasslands & Shrublands",10
"311","Himalayan subtropical broadleaf forests",233,"Tropical & Subtropical Moist Broadleaf Forests",1
"312","Himalayan subtropical pine forests",302,"Tropical & Subtropical Coniferous Forests",3
"313","Hindu Kush alpine meadow",753,"Montane Grasslands & Shrublands",10
"314","Hispaniolan dry forests",532,"Tropical & Subtropical Dry Broadleaf Forests",2
"315","Hispaniolan moist forests",468,"Tropical & Subtropical Moist Broadleaf Forests",1
"316","Hispaniolan pine forests",555,"Tropical & Subtropical Coniferous Forests",3
"317","Hobyo grasslands and shrublands",95,"Deserts & Xeric Shrublands",13
"318","Hokkaido deciduous forests",666,"Temperate Broadleaf & Mixed Forests",4
"319","Hokkaido montane conifer forests",698,"Temperate Conifer Forests",5
"320","Honshu alpine conifer forests",699,"Temperate Conifer Forests",5
"321","Horn of Africa xeric bushlands",45,"Tropical & Subtropical Grasslands, Savannas & Shrublands",7
"322","Huang He Plain mixed forests",667,"Temperate Broadleaf & Mixed Forests",4
"323","Humid Chaco",571,"Tropical & Subtropical Grasslands, Savannas & Shrublands",7
"324","Humid Pampas",576,"Temperate Grasslands, Savannas & Shrublands",8
"325","Huon Peninsula montane rain forests",141,"Tropical & Subtropical Moist Broadleaf Forests",1
"326","Iberian conifer forests",792,"Mediterranean Forests, Woodlands & Scrub",12
"327","Iberian sclerophyllous and semi-deciduous forests",793,"Mediterranean Forests, Woodlands & Scrub",12
"328","Iceland boreal birch forests and alpine tundra",711,"Boreal Forests/Taiga",6
"329","Illyrian deciduous forests",794,"Mediterranean Forests, Woodlands & Scrub",12
"330","Indochina mangroves",319,"Mangroves",14
"331","Indus River Delta-Arabian Sea mangroves",320,"Mangroves",14
"332","Indus Valley desert",317,"Deserts & Xeric Shrublands",13
"333","Inner Niger Delta flooded savanna",71,"Flooded Grasslands & Savannas",9
"334","Interior Alaska-Yukon lowland taiga",375,"Boreal Forests/Taiga",6
"335","Interior Plateau US Hardwood Forests",336,"Temperate Broadleaf & Mixed Forests",4
"336","Interior Yukon-Alaska alpine tundra",416,"Tundra",11
"337","Iquitos várzea",469,"Tropical & Subtropical Moist Broadleaf Forests",1
"338","Irrawaddy dry forests",294,"Tropical & Subtropical Dry Broadleaf Forests",2
"339","Irrawaddy freshwater swamp forests",234,"Tropical & Subtropical Moist Broadleaf Forests",1
"340","Irrawaddy moist deciduous forests",235,"Tropical & Subtropical Moist Broadleaf Forests",1
"341","Islas Revillagigedo dry forests",533,"Tropical & Subtropical Dry Broadleaf Forests",2
"342","Isthmian-Atlantic moist forests",470,"Tropical & Subtropical Moist Broadleaf Forests",1
"343","Isthmian-Pacific moist forests",471,"Tropical & Subtropical Moist Broadleaf Forests",1
"344","Italian sclerophyllous and semi-deciduous forests",795,"Mediterranean Forests, Woodlands & Scrub",12
"345","Itigi-Sumbu thicket",46,"Tropical & Subtropical Grasslands, Savannas & Shrublands",7
"346","Jalisco dry forests",534,"Tropical & Subtropical Dry Broadleaf Forests",2
"347","Jamaican dry forests",535,"Tropical & Subtropical Dry Broadleaf Forests",2
"348","Jamaican moist forests",472,"Tropical & Subtropical Moist Broadleaf Forests",1
"349","Japurá-Solimões-Negro moist forests",473,"Tropical & Subtropical Moist Broadleaf Forests",1
"350","Jarrah-Karri forest and shrublands",202,"Mediterranean Forests, Woodlands & Scrub",12
"351","Jian Nan subtropical evergreen forests",236,"Tropical & Subtropical Moist Broadleaf Forests",1
"352","Jos Plateau forest-grassland",82,"Montane Grasslands & Shrublands",10
"353","Juan Fernández Islands temperate forests",560,"Temperate Broadleaf & Mixed Forests",4
"354","Junggar Basin semi-desert",827,"Deserts & Xeric Shrublands",13
"355","Juruá-Purus moist forests",474,"Tropical & Subtropical Moist Broadleaf Forests",1
"356","Kalaallit Nunaat High Arctic tundra",418,"Tundra",11
"357","Kalahari Acacia woodlands",47,"Tropical & Subtropical Grasslands, Savannas & Shrublands",7
"358","Kalahari xeric savanna",97,"Deserts & Xeric Shrublands",13
"359","Kamchatka-Kurile meadows and sparse forests",713,"Boreal Forests/Taiga",6
"360","Kamchatka taiga",712,"Boreal Forests/Taiga",6
"361","Kaokoveld desert",98,"Deserts & Xeric Shrublands",13
"362","Karakoram-West Tibetan Plateau alpine steppe",754,"Montane Grasslands & Shrublands",10
"363","Kayah-Karen montane rain forests",237,"Tropical & Subtropical Moist Broadleaf Forests",1
"364","Kazakh forest steppe",731,"Temperate Grasslands, Savannas & Shrublands",8
"365","Kazakh semi-desert",828,"Deserts & Xeric Shrublands",13
"366","Kazakh steppe",732,"Temperate Grasslands, Savannas & Shrublands",8
"367","Kazakh upland steppe",733,"Temperate Grasslands, Savannas & Shrublands",8
"368","Kermadec Islands subtropical moist forests",624,"Tropical & Subtropical Moist Broadleaf Forests",1
"369","Khangai Mountains alpine meadow",755,"Montane Grasslands & Shrublands",10
"370","Khangai Mountains conifer forests",700,"Temperate Conifer Forests",5
"371","Khathiar-Gir dry deciduous forests",295,"Tropical & Subtropical Dry Broadleaf Forests",2
"372","Kimberly tropical savanna",186,"Tropical & Subtropical Grasslands, Savannas & Shrublands",7
"373","Klamath-Siskiyou forests",357,"Temperate Conifer Forests",5
"374","Knysna-Amatole montane forests",15,"Tropical & Subtropical Moist Broadleaf Forests",1
"375","Kola Peninsula tundra",774,"Tundra",11
"376","Kopet Dag semi-desert",829,"Deserts & Xeric Shrublands",13
"377","Kopet Dag woodlands and forest steppe",756,"Montane Grasslands & Shrublands",10
"378","Kuh Rud and Eastern Iran montane woodlands",757,"Montane Grasslands & Shrublands",10
"379","Kwazulu Natal-Cape coastal forests",16,"Tropical & Subtropical Moist Broadleaf Forests",1
"380","La Costa xeric shrublands",603,"Deserts & Xeric Shrublands",13
"381","Lake Chad flooded savanna",72,"Flooded Grasslands & Savannas",9
"382","Lara-Falcón dry forests",536,"Tropical & Subtropical Dry Broadleaf Forests",2
"383","Leeward Islands moist forests",475,"Tropical & Subtropical Moist Broadleaf Forests",1
"384","Lesser Sundas deciduous forests",163,"Tropical & Subtropical Dry Broadleaf Forests",2
"385","Limpopo lowveld",48,"Tropical & Subtropical Grasslands, Savannas & Shrublands",7
"386","Llanos",572,"Tropical & Subtropical Grasslands, Savannas & Shrublands",7
"387","Lord Howe Island subtropical forests",142,"Tropical & Subtropical Moist Broadleaf Forests",1
"388","Louisiade Archipelago rain forests",143,"Tropical & Subtropical Moist Broadleaf Forests",1
"389","Low Monte",577,"Temperate Grasslands, Savannas & Shrublands",8
"390","Lower Gangetic Plains moist deciduous forests",238,"Tropical & Subtropical Moist Broadleaf Forests",1
"391","Luang Prabang montane rain forests",239,"Tropical & Subtropical Moist Broadleaf Forests",1
"392","Luzon montane rain forests",240,"Tropical & Subtropical Moist Broadleaf Forests",1
"393","Luzon rain forests",241,"Tropical & Subtropical Moist Broadleaf Forests",1
"394","Luzon tropical pine forests",303,"Tropical & Subtropical Coniferous Forests",3
"395","Madagascar dry deciduous forests",32,"Tropical & Subtropical Dry Broadleaf Forests",2
"396","Madagascar ericoid thickets",83,"Montane Grasslands & Shrublands",10
"397","Madagascar humid forests",17,"Tropical & Subtropical Moist Broadleaf Forests",1
"398","Madagascar mangroves",114,"Mangroves",14
"399","Madagascar spiny thickets",99,"Deserts & Xeric Shrublands",13
"400","Madagascar subhumid forests",18,"Tropical & Subtropical Moist Broadleaf Forests",1
"401","Madagascar succulent woodlands",100,"Deserts & Xeric Shrublands",13
"402","Madeira-Tapajós moist forests",476,"Tropical & Subtropical Moist Broadleaf Forests",1
"403","Madeira evergreen forests",668,"Temperate Broadleaf & Mixed Forests",4
"404","Magdalena-Urabá moist forests",478,"Tropical & Subtropical Moist Broadleaf Forests",1
"405","Magdalena Valley dry forests",538,"Tropical & Subtropical Dry Broadleaf Forests",2
"406","Magdalena Valley montane forests",477,"Tropical & Subtropical Moist Broadleaf Forests",1
"407","Magellanic subpolar forests",561,"Temperate Broadleaf & Mixed Forests",4
"408","Makgadikgadi halophytics",73,"Flooded Grasslands & Savannas",9
"409","Malabar Coast moist forests",242,"Tropical & Subtropical Moist Broadleaf Forests",1
"410","Maldives-Lakshadweep-Chagos Archipelago tropical moist forests",243,"Tropical & Subtropical Moist Broadleaf Forests",1
"411","Malpelo Island xeric scrub",604,"Deserts & Xeric Shrublands",13
"412","Manchurian mixed forests",669,"Temperate Broadleaf & Mixed Forests",4
"413","Mandara Plateau woodlands",49,"Tropical & Subtropical Grasslands, Savannas & Shrublands",7
"414","Maputaland coastal forests and woodlands",19,"Tropical & Subtropical Moist Broadleaf Forests",1
"415","Maracaibo dry forests",539,"Tropical & Subtropical Dry Broadleaf Forests",2
"416","Marajó várzea",480,"Tropical & Subtropical Moist Broadleaf Forests",1
"417","Maranhão Babaçu forests",540,"Tropical & Subtropical Dry Broadleaf Forests",2
"418","Marañón dry forests",479,"Tropical & Subtropical Moist Broadleaf Forests",1
"419","Marianas tropical dry forests",637,"Tropical & Subtropical Dry Broadleaf Forests",2
"420","Marquesas tropical moist forests",625,"Tropical & Subtropical Moist Broadleaf Forests",1
"421","Masai xeric grasslands and shrublands",50,"Tropical & Subtropical Grasslands, Savannas & Shrublands",7
"422","Mascarene forests",20,"Tropical & Subtropical Moist Broadleaf Forests",1
"423","Mato Grosso tropical dry forests",481,"Tropical & Subtropical Moist Broadleaf Forests",1
"424","Mediterranean Acacia-Argania dry woodlands and succulent thickets",796,"Mediterranean Forests, Woodlands & Scrub",12
"425","Mediterranean conifer and mixed forests",701,"Temperate Conifer Forests",5
"426","Mediterranean dry woodlands and steppe",797,"Mediterranean Forests, Woodlands & Scrub",12
"427","Mediterranean High Atlas juniper steppe",758,"Montane Grasslands & Shrublands",10
"428","Mediterranean woodlands and forests",798,"Mediterranean Forests, Woodlands & Scrub",12
"429","Meghalaya subtropical forests",244,"Tropical & Subtropical Moist Broadleaf Forests",1
"430","Mentawai Islands rain forests",245,"Tropical & Subtropical Moist Broadleaf Forests",1
"431","Meseta Central matorral",432,"Deserts & Xeric Shrublands",13
"432","Mesoamerican Gulf-Caribbean mangroves",613,"Mangroves",14
"433","Mesopotamian shrub desert",830,"Deserts & Xeric Shrublands",13
"434","Mid-Canada Boreal Plains forests",376,"Boreal Forests/Taiga",6
"435","Canadian Middle Arctic Tundra",414,"Tundra",11
"436","Mid-Atlantic US coastal savannas",393,"Temperate Grasslands, Savannas & Shrublands",8
"437","Midwest Canadian Shield forests",377,"Boreal Forests/Taiga",6
"438","Mindanao-Eastern Visayas rain forests",247,"Tropical & Subtropical Moist Broadleaf Forests",1
"439","Mindanao montane rain forests",246,"Tropical & Subtropical Moist Broadleaf Forests",1
"440","Mindoro rain forests",248,"Tropical & Subtropical Moist Broadleaf Forests",1
"441","Miskito pine forests",573,"Tropical & Subtropical Grasslands, Savannas & Shrublands",7
"442","Mississippi lowland forests",337,"Temperate Broadleaf & Mixed Forests",4
"443","Mitchell Grass Downs",187,"Tropical & Subtropical Grasslands, Savannas & Shrublands",7
"444","Mizoram-Manipur-Kachin rain forests",249,"Tropical & Subtropical Moist Broadleaf Forests",1
"445","Mojave desert",433,"Deserts & Xeric Shrublands",13
"446","Mongolian-Manchurian grassland",734,"Temperate Grasslands, Savannas & Shrublands",8
"447","Montana Valley and Foothill grasslands",394,"Temperate Grasslands, Savannas & Shrublands",8
"448","Monte Alegre várzea",482,"Tropical & Subtropical Moist Broadleaf Forests",1
"449","Motagua Valley thornscrub",605,"Deserts & Xeric Shrublands",13
"450","Mount Cameroon and Bioko montane forests",21,"Tropical & Subtropical Moist Broadleaf Forests",1
"451","Mulanje Montane forest-grassland",84,"Montane Grasslands & Shrublands",10
"452","Murray-Darling woodlands and mallee",203,"Mediterranean Forests, Woodlands & Scrub",12
"453","Muskwa-Slave Lake taiga",378,"Boreal Forests/Taiga",6
"454","Myanmar Coast mangroves",321,"Mangroves",14
"455","Myanmar coastal rain forests",250,"Tropical & Subtropical Moist Broadleaf Forests",1
"456","Nama Karoo shrublands",101,"Deserts & Xeric Shrublands",13
"457","Namaqualand-Richtersveld steppe",102,"Deserts & Xeric Shrublands",13
"458","Namib Desert",103,"Deserts & Xeric Shrublands",13
"459","Namibian savanna woodlands",104,"Deserts & Xeric Shrublands",13
"460","Nansei Islands subtropical evergreen forests",251,"Tropical & Subtropical Moist Broadleaf Forests",1
"461","Napo moist forests",483,"Tropical & Subtropical Moist Broadleaf Forests",1
"462","Naracoorte woodlands",204,"Mediterranean Forests, Woodlands & Scrub",12
"463","Narmada Valley dry deciduous forests",296,"Tropical & Subtropical Dry Broadleaf Forests",2
"464","Nebraska Sand Hills mixed grasslands",395,"Temperate Grasslands, Savannas & Shrublands",8
"465","Negro-Branco moist forests",484,"Tropical & Subtropical Moist Broadleaf Forests",1
"466","Nelson Coast temperate forests",170,"Temperate Broadleaf & Mixed Forests",4
"467","Nenjiang River grassland",743,"Flooded Grasslands & Savannas",9
"468","New Britain-New Ireland lowland rain forests",144,"Tropical & Subtropical Moist Broadleaf Forests",1
"469","New Britain-New Ireland montane rain forests",145,"Tropical & Subtropical Moist Broadleaf Forests",1
"470","New Caledonia dry forests",164,"Tropical & Subtropical Dry Broadleaf Forests",2
"471","New Caledonia rain forests",146,"Tropical & Subtropical Moist Broadleaf Forests",1
"472","New England-Acadian forests",338,"Temperate Broadleaf & Mixed Forests",4
"473","New Guinea mangroves",217,"Mangroves",14
"474","Nicobar Islands rain forests",252,"Tropical & Subtropical Moist Broadleaf Forests",1
"475","Niger Delta swamp forests",22,"Tropical & Subtropical Moist Broadleaf Forests",1
"476","Nigerian lowland forests",23,"Tropical & Subtropical Moist Broadleaf Forests",1
"477","Nihonkai evergreen forests",670,"Temperate Broadleaf & Mixed Forests",4
"478","Nihonkai montane deciduous forests",671,"Temperate Broadleaf & Mixed Forests",4
"479","Nile Delta flooded savanna",744,"Flooded Grasslands & Savannas",9
"480","Norfolk Island subtropical forests",147,"Tropical & Subtropical Moist Broadleaf Forests",1
"481","Northeast Antarctic Peninsula tundra",126,"Tundra",11
"482","Northwest Antarctic Peninsula tundra",127,"Tundra",11
"483","North Arabian desert",831,"Deserts & Xeric Shrublands",13
"484","North Arabian highland shrublands",832,"Deserts & Xeric Shrublands",13
"485","New Zealand North Island temperate forests",171,"Temperate Broadleaf & Mixed Forests",4
"486","North Saharan Xeric Steppe and Woodland",833,"Deserts & Xeric Shrublands",13
"487","Somali montane xeric woodlands",106,"Deserts & Xeric Shrublands",13
"488","North Tibetan Plateau-Kunlun Mountains alpine desert",759,"Montane Grasslands & Shrublands",10
"489","North Victoria Land tundra",125,"Tundra",11
"490","North Western Ghats moist deciduous forests",253,"Tropical & Subtropical Moist Broadleaf Forests",1
"491","North Western Ghats montane rain forests",254,"Tropical & Subtropical Moist Broadleaf Forests",1
"492","Northeast China Plain deciduous forests",673,"Temperate Broadleaf & Mixed Forests",4
"493","Northeast India-Myanmar pine forests",304,"Tropical & Subtropical Coniferous Forests",3
"494","Northeast Siberian coastal tundra",775,"Tundra",11
"495","Northeast Siberian taiga",714,"Boreal Forests/Taiga",6
"496","Northeast Brazil restingas",485,"Tropical & Subtropical Moist Broadleaf Forests",1
"497","Northeast Congolian lowland forests",24,"Tropical & Subtropical Moist Broadleaf Forests",1
"498","Northeast Himalayan subalpine conifer forests",702,"Temperate Conifer Forests",5
"499","Northeast Spain and Southern France Mediterranean forests",799,"Mediterranean Forests, Woodlands & Scrub",12
"500","Northeast US Coastal forests",339,"Temperate Broadleaf & Mixed Forests",4
"501","Northern Acacia-Commiphora bushlands and thickets",51,"Tropical & Subtropical Grasslands, Savannas & Shrublands",7
"502","Northern Anatolian conifer and deciduous forests",703,"Temperate Conifer Forests",5
"503","Northern Andean páramo",593,"Montane Grasslands & Shrublands",10
"504","Northern Annamites rain forests",255,"Tropical & Subtropical Moist Broadleaf Forests",1
"505","Northern California coastal forests",359,"Temperate Conifer Forests",5
"506","Northern Canadian Shield taiga",379,"Boreal Forests/Taiga",6
"507","Northern Congolian Forest-Savanna",52,"Tropical & Subtropical Grasslands, Savannas & Shrublands",7
"508","North Deccan dry deciduous forests",297,"Tropical & Subtropical Dry Broadleaf Forests",2
"509","Northern Indochina subtropical forests",256,"Tropical & Subtropical Moist Broadleaf Forests",1
"510","Northern Khorat Plateau moist deciduous forests",257,"Tropical & Subtropical Moist Broadleaf Forests",1
"511","Northern Mesoamerican Pacific mangroves",614,"Mangroves",14
"512","Northern New Guinea lowland rain and freshwater swamp forests",148,"Tropical & Subtropical Moist Broadleaf Forests",1
"513","Northern New Guinea montane rain forests",149,"Tropical & Subtropical Moist Broadleaf Forests",1
"514","Northern Shortgrass prairie",396,"Temperate Grasslands, Savannas & Shrublands",8
"515","Northern Swahili coastal forests",25,"Tropical & Subtropical Moist Broadleaf Forests",1
"516","Northern Tallgrass prairie",397,"Temperate Grasslands, Savannas & Shrublands",8
"517","Northern Thailand-Laos moist deciduous forests",258,"Tropical & Subtropical Moist Broadleaf Forests",1
"518","Northern Triangle subtropical forests",259,"Tropical & Subtropical Moist Broadleaf Forests",1
"519","Northern Triangle temperate forests",307,"Temperate Broadleaf & Mixed Forests",4
"520","Northern Vietnam lowland rain forests",260,"Tropical & Subtropical Moist Broadleaf Forests",1
"521","Northland temperate kauri forests",173,"Temperate Broadleaf & Mixed Forests",4
"522","Northwest Iberian montane forests",800,"Mediterranean Forests, Woodlands & Scrub",12
"523","Northwest Russian-Novaya Zemlya tundra",776,"Tundra",11
"524","Northwest Andean montane forests",486,"Tropical & Subtropical Moist Broadleaf Forests",1
"525","Northwest Congolian lowland forests",26,"Tropical & Subtropical Moist Broadleaf Forests",1
"526","Northwest Hawai'i scrub",641,"Tropical & Subtropical Grasslands, Savannas & Shrublands",7
"527","Northwestern Himalayan alpine shrub and meadows",760,"Montane Grasslands & Shrublands",10
"528","Aravalli west thorn scrub forests",314,"Deserts & Xeric Shrublands",13
"529","Novosibirsk Islands Arctic desert",777,"Tundra",11
"530","Nujiang Langcang Gorge alpine conifer and mixed forests",704,"Temperate Conifer Forests",5
"531","Nullarbor Plains xeric shrublands",212,"Deserts & Xeric Shrublands",13
"532","Nyanga-Chimanimani Montane forest-grassland",85,"Montane Grasslands & Shrublands",10
"533","Oaxacan montane forests",487,"Tropical & Subtropical Moist Broadleaf Forests",1
"534","Ogasawara subtropical moist forests",626,"Tropical & Subtropical Moist Broadleaf Forests",1
"535","Ogilvie-MacKenzie alpine tundra",419,"Tundra",11
"536","Okanogan dry forests",362,"Temperate Conifer Forests",5
"537","Okhotsk-Manchurian taiga",715,"Boreal Forests/Taiga",6
"538","Ordos Plateau steppe",761,"Montane Grasslands & Shrublands",10
"539","Orinoco Delta swamp forests",488,"Tropical & Subtropical Moist Broadleaf Forests",1
"540","Orinoco wetlands",583,"Flooded Grasslands & Savannas",9
"541","Orissa semi-evergreen forests",261,"Tropical & Subtropical Moist Broadleaf Forests",1
"542","Ozark Highlands mixed forests",340,"Temperate Broadleaf & Mixed Forests",4
"543","Ozark Mountain forests",341,"Temperate Broadleaf & Mixed Forests",4
"544","Pacific Coastal Mountain icefields and tundra",420,"Tundra",11
"545","Palau tropical moist forests",627,"Tropical & Subtropical Moist Broadleaf Forests",1
"546","Palawan rain forests",262,"Tropical & Subtropical Moist Broadleaf Forests",1
"547","Palouse prairie",398,"Temperate Grasslands, Savannas & Shrublands",8
"548","Pamir alpine desert and tundra",762,"Montane Grasslands & Shrublands",10
"549","Panamanian dry forests",541,"Tropical & Subtropical Dry Broadleaf Forests",2
"550","Pannonian mixed forests",674,"Temperate Broadleaf & Mixed Forests",4
"551","Pantanal",584,"Flooded Grasslands & Savannas",9
"552","Pantanos de Centla",489,"Tropical & Subtropical Moist Broadleaf Forests",1
"553","Pantepui forests & shrublands",490,"Tropical & Subtropical Moist Broadleaf Forests",1
"554","Paraguaná xeric scrub",606,"Deserts & Xeric Shrublands",13
"555","Paraná flooded savanna",585,"Flooded Grasslands & Savannas",9
"556","Paropamisus xeric woodlands",834,"Deserts & Xeric Shrublands",13
"557","Patagonian steppe",578,"Temperate Grasslands, Savannas & Shrublands",8
"558","Patía valley dry forests",542,"Tropical & Subtropical Dry Broadleaf Forests",2
"559","Peninsular Malaysian montane rain forests",263,"Tropical & Subtropical Moist Broadleaf Forests",1
"560","Peninsular Malaysian peat swamp forests",264,"Tropical & Subtropical Moist Broadleaf Forests",1
"561","Peninsular Malaysian rain forests",265,"Tropical & Subtropical Moist Broadleaf Forests",1
"562","Pernambuco coastal forests",491,"Tropical & Subtropical Moist Broadleaf Forests",1
"563","Pernambuco interior forests",492,"Tropical & Subtropical Moist Broadleaf Forests",1
"564","Peruvian Yungas",493,"Tropical & Subtropical Moist Broadleaf Forests",1
"565","Petén-Veracruz moist forests",494,"Tropical & Subtropical Moist Broadleaf Forests",1
"566","Pilbara shrublands",213,"Deserts & Xeric Shrublands",13
"567","Pindus Mountains mixed forests",801,"Mediterranean Forests, Woodlands & Scrub",12
"568","Piney Woods",363,"Temperate Conifer Forests",5
"569","Po Basin mixed forests",675,"Temperate Broadleaf & Mixed Forests",4
"570","Pontic steppe",735,"Temperate Grasslands, Savannas & Shrublands",8
"571","Prince Charles Mountains tundra",128,"Tundra",11
"572","Puerto Rican dry forests",543,"Tropical & Subtropical Dry Broadleaf Forests",2
"573","Puerto Rican moist forests",495,"Tropical & Subtropical Moist Broadleaf Forests",1
"574","Puget lowland forests",364,"Temperate Conifer Forests",5
"575","Purus-Madeira moist forests",497,"Tropical & Subtropical Moist Broadleaf Forests",1
"576","Purus várzea",496,"Tropical & Subtropical Moist Broadleaf Forests",1
"577","Pyrenees conifer and mixed forests",676,"Temperate Broadleaf & Mixed Forests",4
"578","Qaidam Basin semi-desert",835,"Deserts & Xeric Shrublands",13
"579","Qilian Mountains conifer forests",705,"Temperate Conifer Forests",5
"580","Qilian Mountains subalpine meadows",763,"Montane Grasslands & Shrublands",10
"581","Qin Ling Mountains deciduous forests",677,"Temperate Broadleaf & Mixed Forests",4
"582","Qionglai-Minshan conifer forests",706,"Temperate Conifer Forests",5
"583","Queensland tropical rain forests",150,"Tropical & Subtropical Moist Broadleaf Forests",1
"584","Rakiura Island temperate forests",174,"Temperate Broadleaf & Mixed Forests",4
"585","Rann of Kutch seasonal salt marsh",312,"Flooded Grasslands & Savannas",9
"586","Rapa Nui and Sala y Gómez subtropical forests",628,"Tropical & Subtropical Moist Broadleaf Forests",1
"587","Red River freshwater swamp forests",266,"Tropical & Subtropical Moist Broadleaf Forests",1
"588","Red Sea-Arabian Desert shrublands",837,"Deserts & Xeric Shrublands",13
"589","Red Sea coastal desert",836,"Deserts & Xeric Shrublands",13
"590","Red Sea mangroves",115,"Mangroves",14
"591","Registan-North Pakistan sandy desert",838,"Deserts & Xeric Shrublands",13
"592","Renosterveld shrubland",90,"Mediterranean Forests, Woodlands & Scrub",12
"593","Richmond temperate forests",175,"Temperate Broadleaf & Mixed Forests",4
"594","Rio Negro campinarana",498,"Tropical & Subtropical Moist Broadleaf Forests",1
"595","Rodope montane mixed forests",678,"Temperate Broadleaf & Mixed Forests",4
"596","Rwenzori-Virunga montane moorlands",86,"Montane Grasslands & Shrublands",10
"597","Saharan halophytics",745,"Flooded Grasslands & Savannas",9
"598","Sahelian Acacia savanna",53,"Tropical & Subtropical Grasslands, Savannas & Shrublands",7
"599","Sakhalin Island taiga",716,"Boreal Forests/Taiga",6
"600","Samoan tropical moist forests",629,"Tropical & Subtropical Moist Broadleaf Forests",1
"601","San Félix-San Ambrosio Islands temperate forests",562,"Temperate Broadleaf & Mixed Forests",4
"602","San Lucan xeric scrub",607,"Deserts & Xeric Shrublands",13
"603","Santa Lucia Montane Chaparral & Woodlands",425,"Mediterranean Forests, Woodlands & Scrub",12
"604","Santa Marta montane forests",499,"Tropical & Subtropical Moist Broadleaf Forests",1
"605","Santa Marta páramo",594,"Montane Grasslands & Shrublands",10
"606","São Tomé, Príncipe, and Annobón forests",27,"Tropical & Subtropical Moist Broadleaf Forests",1
"607","Sarmatic mixed forests",679,"Temperate Broadleaf & Mixed Forests",4
"608","Sayan alpine meadows and tundra",764,"Montane Grasslands & Shrublands",10
"609","Sayan Intermontane steppe",736,"Temperate Grasslands, Savannas & Shrublands",8
"610","Sayan montane conifer forests",707,"Temperate Conifer Forests",5
"611","Scandinavian and Russian taiga",717,"Boreal Forests/Taiga",6
"612","Scandinavian coastal conifer forests",708,"Temperate Conifer Forests",5
"613","Scandinavian Montane Birch forest and grasslands",780,"Tundra",11
"614","Scotia Sea Islands tundra",129,"Tundra",11
"615","Sechura desert",608,"Deserts & Xeric Shrublands",13
"616","Selenge-Orkhon forest steppe",737,"Temperate Grasslands, Savannas & Shrublands",8
"617","Seram rain forests",151,"Tropical & Subtropical Moist Broadleaf Forests",1
"618","Serengeti volcanic grasslands",54,"Tropical & Subtropical Grasslands, Savannas & Shrublands",7
"619","Serra do Mar coastal forests",500,"Tropical & Subtropical Moist Broadleaf Forests",1
"620","Sichuan Basin evergreen broadleaf forests",680,"Temperate Broadleaf & Mixed Forests",4
"621","Sierra de la Laguna dry forests",544,"Tropical & Subtropical Dry Broadleaf Forests",2
"622","Sierra de la Laguna pine-oak forests",556,"Tropical & Subtropical Coniferous Forests",3
"623","Sierra de los Tuxtlas",501,"Tropical & Subtropical Moist Broadleaf Forests",1
"624","Sierra Madre de Chiapas moist forests",502,"Tropical & Subtropical Moist Broadleaf Forests",1
"625","Sierra Madre de Oaxaca pine-oak forests",557,"Tropical & Subtropical Coniferous Forests",3
"626","Sierra Madre del Sur pine-oak forests",558,"Tropical & Subtropical Coniferous Forests",3
"627","Sierra Madre Occidental pine-oak forests",326,"Tropical & Subtropical Coniferous Forests",3
"628","Sierra Madre Oriental pine-oak forests",327,"Tropical & Subtropical Coniferous Forests",3
"629","Sierra Nevada forests",366,"Temperate Conifer Forests",5
"630","Simpson desert",214,"Deserts & Xeric Shrublands",13
"631","Sinaloan dry forests",545,"Tropical & Subtropical Dry Broadleaf Forests",2
"632","Sinú Valley dry forests",546,"Tropical & Subtropical Dry Broadleaf Forests",2
"633","Snake-Columbia shrub steppe",434,"Deserts & Xeric Shrublands",13
"634","Society Islands tropical moist forests",630,"Tropical & Subtropical Moist Broadleaf Forests",1
"635","Socotra Island xeric shrublands",105,"Deserts & Xeric Shrublands",13
"636","Solimões-Japurá moist forests",503,"Tropical & Subtropical Moist Broadleaf Forests",1
"637","Solomon Islands rain forests",152,"Tropical & Subtropical Moist Broadleaf Forests",1
"638","Somali Acacia-Commiphora bushlands and thickets",55,"Tropical & Subtropical Grasslands, Savannas & Shrublands",7
"639","Sonoran-Sinaloan subtropical dry forest",324,"Tropical & Subtropical Dry Broadleaf Forests",2
"640","Sonoran desert",435,"Deserts & Xeric Shrublands",13
"641","South American Pacific mangroves",615,"Mangroves",14
"642","South Antarctic Peninsula tundra",130,"Tundra",11
"643","South Apennine mixed montane forests",802,"Mediterranean Forests, Woodlands & Scrub",12
"644","South Central Rockies forests",367,"Temperate Conifer Forests",5
"645","South China-Vietnam subtropical evergreen forests",268,"Tropical & Subtropical Moist Broadleaf Forests",1
"646","South China Sea Islands",267,"Tropical & Subtropical Moist Broadleaf Forests",1
"647","South Deccan Plateau dry deciduous forests",298,"Tropical & Subtropical Dry Broadleaf Forests",2
"648","South Iran Nubo-Sindian desert and semi-desert",841,"Deserts & Xeric Shrublands",13
"649","New Zealand South Island montane grasslands",194,"Montane Grasslands & Shrublands",10
"650","New Zealand South Island temperate forests",172,"Temperate Broadleaf & Mixed Forests",4
"651","South Orkney Islands tundra",131,"Tundra",11
"652","South Sahara desert",842,"Deserts & Xeric Shrublands",13
"653","South Siberian forest steppe",738,"Temperate Grasslands, Savannas & Shrublands",8
"654","South Taiwan monsoon rain forests",269,"Tropical & Subtropical Moist Broadleaf Forests",1
"655","South Victoria Land tundra",132,"Tundra",11
"656","South Western Ghats moist deciduous forests",270,"Tropical & Subtropical Moist Broadleaf Forests",1
"657","South Western Ghats montane rain forests",271,"Tropical & Subtropical Moist Broadleaf Forests",1
"658","Southeast Australia temperate forests",176,"Temperate Broadleaf & Mixed Forests",4
"659","Southeast Australia temperate savanna",192,"Temperate Grasslands, Savannas & Shrublands",8
"660","Southeast Tibet shrublands and meadows",765,"Montane Grasslands & Shrublands",10
"661","Southeast US mixed woodlands and savannas",400,"Temperate Grasslands, Savannas & Shrublands",8
"662","Southeast US conifer savannas",399,"Temperate Grasslands, Savannas & Shrublands",8
"663","Southeast Iberian shrubs and woodlands",803,"Mediterranean Forests, Woodlands & Scrub",12
"664","Southeast Indochina dry evergreen forests",299,"Tropical & Subtropical Dry Broadleaf Forests",2
"665","Southeast Papuan rain forests",153,"Tropical & Subtropical Moist Broadleaf Forests",1
"666","Southern Acacia-Commiphora bushlands and thickets",57,"Tropical & Subtropical Grasslands, Savannas & Shrublands",7
"667","Southern Africa mangroves",116,"Mangroves",14
"668","Southern Anatolian montane conifer and deciduous forests",804,"Mediterranean Forests, Woodlands & Scrub",12
"669","Southern Andean steppe",595,"Montane Grasslands & Shrublands",10
"670","Southern Andean Yungas",504,"Tropical & Subtropical Moist Broadleaf Forests",1
"671","Southern Annamites montane rain forests",272,"Tropical & Subtropical Moist Broadleaf Forests",1
"672","Southern Atlantic Brazilian mangroves",616,"Mangroves",14
"673","Southern Cone Mesopotamian savanna",586,"Flooded Grasslands & Savannas",9
"674","Southern Congolian forest-savanna",58,"Tropical & Subtropical Grasslands, Savannas & Shrublands",7
"675","Southern Great Lakes forests",342,"Temperate Broadleaf & Mixed Forests",4
"676","Southern Hudson Bay taiga",382,"Boreal Forests/Taiga",6
"677","Southern Indian Ocean Islands tundra",133,"Tundra",11
"678","Southern Korea evergreen forests",681,"Temperate Broadleaf & Mixed Forests",4
"679","Southern Mesoamerican Pacific mangroves",617,"Mangroves",14
"680","Southern New Guinea freshwater swamp forests",154,"Tropical & Subtropical Moist Broadleaf Forests",1
"681","Southern New Guinea lowland rain forests",155,"Tropical & Subtropical Moist Broadleaf Forests",1
"682","Southern Pacific dry forests",547,"Tropical & Subtropical Dry Broadleaf Forests",2
"683","Southern Rift Montane forest-grassland",87,"Montane Grasslands & Shrublands",10
"684","Southern Swahili coastal forests and woodlands",28,"Tropical & Subtropical Moist Broadleaf Forests",1
"685","Southern Vietnam lowland dry forests",300,"Tropical & Subtropical Dry Broadleaf Forests",2
"686","Southwest Amazon moist forests",505,"Tropical & Subtropical Moist Broadleaf Forests",1
"687","Southwest Arabian Escarpment shrublands and woodlands",108,"Deserts & Xeric Shrublands",13
"688","Southwest Arabian highland xeric scrub",109,"Deserts & Xeric Shrublands",13
"689","Southwest Australia savanna",205,"Mediterranean Forests, Woodlands & Scrub",12
"690","Southwest Australia woodlands",206,"Mediterranean Forests, Woodlands & Scrub",12
"691","Southwest Borneo freshwater swamp forests",273,"Tropical & Subtropical Moist Broadleaf Forests",1
"692","Southwest Iberian Mediterranean sclerophyllous and mixed forests",805,"Mediterranean Forests, Woodlands & Scrub",12
"693","Sri Lanka dry-zone dry evergreen forests",301,"Tropical & Subtropical Dry Broadleaf Forests",2
"694","Sri Lanka lowland rain forests",274,"Tropical & Subtropical Moist Broadleaf Forests",1
"695","Sri Lanka montane rain forests",275,"Tropical & Subtropical Moist Broadleaf Forests",1
"696","St. Peter and St. Paul Rocks",609,"Deserts & Xeric Shrublands",13
"697","Succulent Karoo xeric shrublands",110,"Deserts & Xeric Shrublands",13
"698","Sudd flooded grasslands",74,"Flooded Grasslands & Savannas",9
"699","Suiphun-Khanka meadows and forest meadows",746,"Flooded Grasslands & Savannas",9
"700","Sulaiman Range alpine meadows",766,"Montane Grasslands & Shrublands",10
"701","Sulawesi montane rain forests",157,"Tropical & Subtropical Moist Broadleaf Forests",1
"702","Sulu Archipelago rain forests",276,"Tropical & Subtropical Moist Broadleaf Forests",1
"703","Sumatran freshwater swamp forests",277,"Tropical & Subtropical Moist Broadleaf Forests",1
"704","Sumatran lowland rain forests",278,"Tropical & Subtropical Moist Broadleaf Forests",1
"705","Sumatran montane rain forests",279,"Tropical & Subtropical Moist Broadleaf Forests",1
"706","Sumatran peat swamp forests",280,"Tropical & Subtropical Moist Broadleaf Forests",1
"707","Sumatran tropical pine forests",305,"Tropical & Subtropical Coniferous Forests",3
"708","Sumba deciduous forests",165,"Tropical & Subtropical Dry Broadleaf Forests",2
"709","Sunda Shelf mangroves",322,"Mangroves",14
"710","Sundaland heath forests",281,"Tropical & Subtropical Moist Broadleaf Forests",1
"711","Sundarbans freshwater swamp forests",282,"Tropical & Subtropical Moist Broadleaf Forests",1
"712","Sundarbans mangroves",323,"Mangroves",14
"713","Syrian xeric grasslands and shrublands",739,"Temperate Grasslands, Savannas & Shrublands",8
"714","Taiheiyo evergreen forests",682,"Temperate Broadleaf & Mixed Forests",4
"715","Taiheiyo montane deciduous forests",683,"Temperate Broadleaf & Mixed Forests",4
"716","Taimyr-Central Siberian tundra",781,"Tundra",11
"717","Taiwan subtropical evergreen forests",283,"Tropical & Subtropical Moist Broadleaf Forests",1
"718","Taklimakan desert",843,"Deserts & Xeric Shrublands",13
"719","Talamancan montane forests",506,"Tropical & Subtropical Moist Broadleaf Forests",1
"720","Tamaulipan matorral",436,"Deserts & Xeric Shrublands",13
"721","Tamaulipan mezquital",437,"Deserts & Xeric Shrublands",13
"722","Tapajós-Xingu moist forests",507,"Tropical & Subtropical Moist Broadleaf Forests",1
"723","Tarim Basin deciduous forests and steppe",684,"Temperate Broadleaf & Mixed Forests",4
"724","Tasmanian Central Highland forests",177,"Temperate Broadleaf & Mixed Forests",4
"725","Tasmanian temperate forests",178,"Temperate Broadleaf & Mixed Forests",4
"726","Tasmanian temperate rain forests",179,"Temperate Broadleaf & Mixed Forests",4
"727","Tehuacán Valley matorral",610,"Deserts & Xeric Shrublands",13
"728","Tenasserim-South Thailand semi-evergreen rain forests",284,"Tropical & Subtropical Moist Broadleaf Forests",1
"729","Terai-Duar savanna and grasslands",311,"Tropical & Subtropical Grasslands, Savannas & Shrublands",7
"730","Texas blackland prairies",401,"Temperate Grasslands, Savannas & Shrublands",8
"731","Thar desert",318,"Deserts & Xeric Shrublands",13
"732","Tian Shan foothill arid steppe",740,"Temperate Grasslands, Savannas & Shrublands",8
"733","Tian Shan montane conifer forests",709,"Temperate Conifer Forests",5
"734","Tian Shan montane steppe and meadows",767,"Montane Grasslands & Shrublands",10
"735","Tibesti-Jebel Uweinat montane xeric woodlands",844,"Deserts & Xeric Shrublands",13
"736","Tibetan Plateau alpine shrublands and meadows",768,"Montane Grasslands & Shrublands",10
"737","Tigris-Euphrates alluvial salt marsh",747,"Flooded Grasslands & Savannas",9
"738","Timor and Wetar deciduous forests",166,"Tropical & Subtropical Dry Broadleaf Forests",2
"739","Tirari-Sturt stony desert",215,"Deserts & Xeric Shrublands",13
"740","Tongan tropical moist forests",631,"Tropical & Subtropical Moist Broadleaf Forests",1
"741","Tonle Sap-Mekong peat swamp forests",286,"Tropical & Subtropical Moist Broadleaf Forests",1
"742","Tonle Sap freshwater swamp forests",285,"Tropical & Subtropical Moist Broadleaf Forests",1
"743","Torngat Mountain tundra",421,"Tundra",11
"744","Trans-Baikal Bald Mountain tundra",782,"Tundra",11
"745","Trans-Baikal conifer forests",718,"Boreal Forests/Taiga",6
"746","Trans-Mexican Volcanic Belt pine-oak forests",559,"Tropical & Subtropical Coniferous Forests",3
"747","Trans Fly savanna and grasslands",188,"Tropical & Subtropical Grasslands, Savannas & Shrublands",7
"748","Transantarctic Mountains tundra",134,"Tundra",11
"749","Trinidad and Tobago moist forest",510,"Tropical & Subtropical Moist Broadleaf Forests",1
"750","Tristan Da Cunha-Gough Islands shrub and grasslands",68,"Temperate Grasslands, Savannas & Shrublands",8
"751","Trobriand Islands rain forests",158,"Tropical & Subtropical Moist Broadleaf Forests",1
"752","Tuamotu tropical moist forests",632,"Tropical & Subtropical Moist Broadleaf Forests",1
"753","Tubuai tropical moist forests",633,"Tropical & Subtropical Moist Broadleaf Forests",1
"754","Tumbes-Piura dry forests",549,"Tropical & Subtropical Dry Broadleaf Forests",2
"755","Tyrrhenian-Adriatic sclerophyllous and mixed forests",806,"Mediterranean Forests, Woodlands & Scrub",12
"756","Uatumã-Trombetas moist forests",511,"Tropical & Subtropical Moist Broadleaf Forests",1
"757","Ucayali moist forests",512,"Tropical & Subtropical Moist Broadleaf Forests",1
"758","Upper Gangetic Plains moist deciduous forests",287,"Tropical & Subtropical Moist Broadleaf Forests",1
"759","Upper Midwest US forest-savanna transition",343,"Temperate Broadleaf & Mixed Forests",4
"760","Urals montane forest and taiga",719,"Boreal Forests/Taiga",6
"761","Uruguayan savanna",574,"Tropical & Subtropical Grasslands, Savannas & Shrublands",7
"762","Ussuri broadleaf and mixed forests",685,"Temperate Broadleaf & Mixed Forests",4
"763","Valdivian temperate forests",563,"Temperate Broadleaf & Mixed Forests",4
"764","Vanuatu rain forests",159,"Tropical & Subtropical Moist Broadleaf Forests",1
"765","Venezuelan Andes montane forests",513,"Tropical & Subtropical Moist Broadleaf Forests",1
"766","Veracruz dry forests",550,"Tropical & Subtropical Dry Broadleaf Forests",2
"767","Veracruz moist forests",514,"Tropical & Subtropical Moist Broadleaf Forests",1
"768","Veracruz montane forests",515,"Tropical & Subtropical Moist Broadleaf Forests",1
"769","Victoria Plains tropical savanna",189,"Tropical & Subtropical Grasslands, Savannas & Shrublands",7
"770","Vogelkop-Aru lowland rain forests",161,"Tropical & Subtropical Moist Broadleaf Forests",1
"771","Vogelkop montane rain forests",160,"Tropical & Subtropical Moist Broadleaf Forests",1
"772","Wasatch and Uinta montane forests",368,"Temperate Conifer Forests",5
"773","Watson Highlands taiga",383,"Boreal Forests/Taiga",6
"774","West Sahara desert",845,"Deserts & Xeric Shrublands",13
"775","West Saharan montane xeric woodlands",846,"Deserts & Xeric Shrublands",13
"776","West Siberian taiga",720,"Boreal Forests/Taiga",6
"777","West Sudanian savanna",62,"Tropical & Subtropical Grasslands, Savannas & Shrublands",7
"778","Western Australian Mulga shrublands",216,"Deserts & Xeric Shrublands",13
"779","Western Congolian swamp forests",29,"Tropical & Subtropical Moist Broadleaf Forests",1
"780","Western Ecuador moist forests",516,"Tropical & Subtropical Moist Broadleaf Forests",1
"781","Western European broadleaf forests",686,"Temperate Broadleaf & Mixed Forests",4
"782","Western Great Lakes forests",344,"Temperate Broadleaf & Mixed Forests",4
"783","Western Guinean lowland forests",30,"Tropical & Subtropical Moist Broadleaf Forests",1
"784","Western Gulf coastal grasslands",384,"Tropical & Subtropical Grasslands, Savannas & Shrublands",7
"785","Western Himalayan alpine shrub and meadows",769,"Montane Grasslands & Shrublands",10
"786","Western Himalayan broadleaf forests",308,"Temperate Broadleaf & Mixed Forests",4
"787","Western Himalayan subalpine conifer forests",310,"Temperate Conifer Forests",5
"788","Western Java montane rain forests",288,"Tropical & Subtropical Moist Broadleaf Forests",1
"789","Western Java rain forests",289,"Tropical & Subtropical Moist Broadleaf Forests",1
"790","Western Polynesian tropical moist forests",634,"Tropical & Subtropical Moist Broadleaf Forests",1
"791","Western shortgrass prairie",402,"Temperate Grasslands, Savannas & Shrublands",8
"792","Western Siberian hemiboreal forests",687,"Temperate Broadleaf & Mixed Forests",4
"793","Westland temperate forests",180,"Temperate Broadleaf & Mixed Forests",4
"794","Willamette Valley oak savanna",403,"Temperate Grasslands, Savannas & Shrublands",8
"795","Windward Islands moist forests",517,"Tropical & Subtropical Moist Broadleaf Forests",1
"796","Wrangel Island Arctic desert",783,"Tundra",11
"797","Wyoming Basin shrub steppe",438,"Deserts & Xeric Shrublands",13
"798","Xingu-Tocantins-Araguaia moist forests",518,"Tropical & Subtropical Moist Broadleaf Forests",1
"799","Yamal-Gydan tundra",784,"Tundra",11
"800","Yap tropical dry forests",638,"Tropical & Subtropical Dry Broadleaf Forests",2
"801","Yapen rain forests",162,"Tropical & Subtropical Moist Broadleaf Forests",1
"802","Yarlung Zanbo arid steppe",770,"Montane Grasslands & Shrublands",10
"803","Yellow Sea saline meadow",748,"Flooded Grasslands & Savannas",9
"804","Yucatán dry forests",551,"Tropical & Subtropical Dry Broadleaf Forests",2
"805","Yucatán moist forests",519,"Tropical & Subtropical Moist Broadleaf Forests",1
"806","Yunnan Plateau subtropical evergreen forests",643,"Tropical & Subtropical Moist Broadleaf Forests",1
"807","Zagros Mountains forest steppe",688,"Temperate Broadleaf & Mixed Forests",4
"808","Zambezian-Limpopo mixed woodlands",66,"Tropical & Subtropical Grasslands, Savannas & Shrublands",7
"809","Zambezian Baikiaea woodlands",64,"Tropical & Subtropical Grasslands, Savannas & Shrublands",7
"810","Zambezian coastal flooded savanna",75,"Flooded Grasslands & Savannas",9
"811","Dry miombo woodlands",42,"Tropical & Subtropical Grasslands, Savannas & Shrublands",7
"812","Zambezian evergreen dry forests",33,"Tropical & Subtropical Dry Broadleaf Forests",2
"813","Zambezian flooded grasslands",76,"Flooded Grasslands & Savannas",9
"814","Zambezian mopane woodlands",65,"Tropical & Subtropical Grasslands, Savannas & Shrublands",7
"815","Brazilian Atlantic dry forests",524,"Tropical & Subtropical Dry Broadleaf Forests",2
"816","Northern Cordillera forests",380,"Boreal Forests/Taiga",6
"817","St. Helena scrub and woodlands",60,"Tropical & Subtropical Grasslands, Savannas & Shrublands",7
"818","Victoria Basin forest-savanna",61,"Tropical & Subtropical Grasslands, Savannas & Shrublands",7
"819","Western Congolian forest-savanna",63,"Tropical & Subtropical Grasslands, Savannas & Shrublands",7
"820","East African montane moorlands",78,"Montane Grasslands & Shrublands",10
"821","Queen Charlotte Islands conifer forests",365,"Temperate Conifer Forests",5
"822","Northern Pacific Alaskan coastal forests",360,"Temperate Conifer Forests",5
"823","Northwest Territories taiga",381,"Boreal Forests/Taiga",6
"824","Southwest Arabian coastal xeric shrublands",107,"Deserts & Xeric Shrublands",13
"825","Arabian-Persian Gulf coastal plain desert",811,"Deserts & Xeric Shrublands",13
"826","South Arabian plains and plateau desert",840,"Deserts & Xeric Shrublands",13
"827","Arabian desert",809,"Deserts & Xeric Shrublands",13
"828","Bahamian pineyards",552,"Tropical & Subtropical Coniferous Forests",3
"829","Ile Europa and Bassas da India xeric scrub",96,"Deserts & Xeric Shrublands",13
"830","Kamchatka tundra",773,"Tundra",11
"831","Tocantins/Pindare moist forests",508,"Tropical & Subtropical Moist Broadleaf Forests",1
"832","Kalaallit Nunaat Arctic steppe",417,"Tundra",11
"833","North Cascades conifer forests",358,"Temperate Conifer Forests",5
"834","Northern Rockies conifer forests",361,"Temperate Conifer Forests",5
"835","Trindade-Martin Vaz Islands tropical forests",509,"Tropical & Subtropical Moist Broadleaf Forests",1
"836","Southwest Arabian montane woodlands and grasslands",59,"Tropical & Subtropical Grasslands, Savannas & Shrublands",7
"837","South Arabian fog woodlands, shrublands, and dune",56,"Tropical & Subtropical Grasslands, Savannas & Shrublands",7
"838","Trinidad and Tobago dry forest",548,"Tropical & Subtropical Dry Broadleaf Forests",2
"839","Lesser Antillean dry forests",537,"Tropical & Subtropical Dry Broadleaf Forests",2
"840","North Atlantic moist mixed forests",672,"Temperate Broadleaf & Mixed Forests",4
"841","Dronning Maud Land tundra",119,"Tundra",11
"842","Marie Byrd Land tundra",124,"Tundra",11
"843","Sulawesi lowland rain forests",156,"Tropical & Subtropical Moist Broadleaf Forests",1
"844","East African montane forests",8,"Tropical & Subtropical Moist Broadleaf Forests",1
"845","Eastern Arc forests",9,"Tropical & Subtropical Moist Broadleaf Forests",1
"846","Borneo montane rain forests",220,"Tropical & Subtropical Moist Broadleaf Forests",1
"847","Kinabalu montane alpine meadows",313,"Montane Grasslands & Shrublands",10
